id;login;password;first_name;last_name;email
1;Citadines;nigérian Électrique;Achille;Noel;Denise18@gmail.com
2;Triplette fumée direction;Chapeau;Séverin;Cousin;Swassane_Robin@yahoo.fr
3;Livres;facture Assistant;Aveline;Schneider;Julia2@hotmail.fr
4;que Gants tout;Alsace Variété paf;Apolline;Garnier;Ernest60@yahoo.fr
5;blanc Clavier de;ci;Gaspar;Pons;Trajan.Guerin@gmail.com
6;expedita commissionnaire;plouf fourbe Femme;Romane;Petit;Valerie.Brunet60@gmail.com
7;Hongrie;géorgienne que;Tim;Dupuis;Parfait60@gmail.com
8;oups;Tchad de Norvège;Simone;Andre;Zacharie_Brun@gmail.com
9;malgré Raffiné;Films dépôt;Orlane;Remy;Melisande_Moreau@gmail.com
10;tout Coton Zadkine;bitume;Roméo;Carre;Armandine.Martinez35@hotmail.fr
